index	category	username	nick_name	remark
1	system_or_helper	notifymessage	服务通知	
2	system_or_helper	fmessage	朋友推荐消息	
3	system_or_helper	medianote	语音记事本	
4	system_or_helper	floatbottle	漂流瓶	
5	empty_nickname	wxid_5f1s02d8kdn122		
6	official_account_gh	gh_158599a58f81	学校通知	
7	official_account_gh	gh_18d7892b261b	新的学校邀请	
8	official_account_gh	gh_c47f969ffbb9	只为你倾心	
9	official_account_gh	gh_5dee7e3a98bf	视角传媒消息	
10	official_account_gh	gh_d1bfb8e20034	视角传媒	
11	official_account_gh	gh_8f02b02a074c	冠军联盟	
12	official_account_gh	gh_d14a7c0399c4	冠军联盟消息	
13	official_account_gh	gh_e031bfa54682	可能的同事	
14	official_account_gh	gh_5abd22114258	罗仕兰	
15	official_account_gh	gh_ee89cfda9d54	罗仕兰消息	
16	official_account_gh	gh_8539d8506a04	使用企业微信的通知	
17	system_or_helper	mphelper	公众平台安全助手	
18	official_account_gh	gh_b7e04442d834	秀才的想念	
19	official_account_gh	gh_ecc378f6fb37	东瑞情感	
20	official_account_gh	gh_26264e6f6e77	放纵着忧伤	
21	official_account_gh	gh_e456ddc1c022	流年情书	
22	official_account_gh	gh_d1373016ac87	半生情书馆	
23	official_account_gh	gh_c85f78792c5a	三生公司消息	
24	official_account_gh	gh_203ac12aa674	可能的同事	
25	official_account_gh	gh_806b464fccf5	使用企业微信的通知	
26	empty_nickname	wxid_y3q5ce844jzw11		
27	system_or_helper	filehelper	文件传输助手	
28	official_account_gh	gh_bac53a6d3b5d	未命名企业消息	
29	official_account_gh	gh_95fc28e62c87	三生公司	
30	official_account_gh	gh_c23234e602a2	梦想追求团队消息	
31	official_account_gh	gh_85086e08860e	可能的同事	
32	official_account_gh	gh_76a81d18a4b1	使用企业微信的通知	
33	official_account_gh	gh_3c97dc648184	学习团队消息	
34	official_account_gh	gh_d13783352f4d	可能的同事	
35	official_account_gh	gh_3dfda90e39d6	微信支付	
36	official_account_gh	gh_1f5fc1291984	使用企业微信的通知	
37	official_account_gh	gh_616db3ecdc7b	东城欣鲜购情感工作室消息	
38	official_account_gh	gh_a39142b95cb7	未命名企业消息	
39	official_account_gh	gh_78e4d796d6df	未命名企业	
40	official_account_gh	gh_e2810c8ca310	梦想追求团队	
41	official_account_gh	gh_a7be53fb45be	使用企业微信的通知	
42	official_account_gh	gh_67fa48155c67	三生大健康产业有限公司消息	
43	official_account_gh	gh_eab7564f5cfa	可能的同事	
44	official_account_gh	gh_c6589664812a	使用企业微信的通知	
45	official_account_gh	gh_3bf332308f26	Mike消息	
46	official_account_gh	gh_d971a7d6e9f0	三生中国健康大产业消息	
47	official_account_gh	gh_f4f24c6ab957	可能的同事	
48	official_account_gh	gh_6e29d758a687	使用企业微信的通知	
49	official_account_gh	gh_625c7acc03e5	学习团队	
50	official_account_gh	gh_78a07ef633e6	未命名企业消息	
51	official_account_gh	gh_c31c67a3a86a	可能的同事	
52	official_account_gh	gh_50a5d63cd89b	三生中国健康大产业	
53	official_account_gh	gh_0c820e95cf35	Mike	
54	official_account_gh	gh_76f8a93d9d3b	三生大健康产业有限公司	
55	system_or_helper	weixin	微信团队	
56	official_account_gh	gh_ed9ec8a3d723	未命名企业	
57	official_account_gh	gh_8ff96f5ba06f	未命名企业	
58	official_account_gh	gh_55409718c1cc	东城欣鲜购情感工作室	
59	official_account_gh	gh_5eaad16ae776	两心通	
60	official_account_gh	gh_861d26e66473	水利和环境管理	
61	official_account_gh	gh_3293889d80d9	水利和环境管理消息	
62	official_account_gh	gh_77beebe9fbbc	通知	
63	official_account_gh	gh_acaf0d0c5e68	可能的同事	
64	official_account_gh	gh_206c957da590	情缘人生	
65	official_account_gh	gh_49c9bd302421	未命名企业	
66	official_account_gh	gh_a791f289a4bf	未命名企业消息	
67	official_account_gh	gh_1e7c66b0661c	通知	
68	official_account_gh	gh_6ae4541292fe	可能的同事	
69	official_account_gh	gh_7d739cf5e919	微信营销助手	
70	official_account_gh	gh_10147648a93d	蓼汀拾墨	
71	official_account_gh	gh_f7552708c956	两心诺	
72	official_account_gh	gh_7c5b041bad58	两心归	
73	official_account_gh	gh_6e97259fc666	两心渡	
74	official_account_gh	gh_c58d0c1b3713	人间悟情	
75	official_account_gh	gh_729b2ec504cb	人间品情	
76	chatroom	46122296540@chatroom	【瑞东】链接	
77	chatroom	45181529634@chatroom	【姐姐粉】名片群	
78	openim	25984984907045214@openim	柏辰	柏辰
79	openim	25984982373089775@openim	白玉	
80	openim	25984981714677644@openim	帅弟瑞伴	
81	official_account_gh	gh_4ba7ef6034d7	欣宝4171	
82	official_account_gh	gh_be1f968eefb0	东东话家常	
83	official_account_gh	gh_e731a9b15492	东东述柔情	
84	official_account_gh	gh_1624a2069f2e	阿东四季相伴	
85	official_account_gh	gh_dc840fad685a	东东在身边	
86	official_account_gh	gh_13c7b56d8699	东东永同行	
87	official_account_gh	gh_0bdda3473265	阿东美文相伴	
88	official_account_gh	gh_1694e4f924b4	我的一生所爱	
89	official_account_gh	gh_32453d0bb583	寻屿赴星河	
90	official_account_gh	gh_6869424613e6	东弟讲美文	
91	official_account_gh	gh_5e6df625323e	未命名企业	
92	official_account_gh	gh_b8cd306e3ff6	未命名企业消息	
93	official_account_gh	gh_9dcc4225e20e	通知	
94	official_account_gh	gh_e897ded6e834	可能的同事	
95	official_account_gh	gh_4fe8de031b84	企业微信	
96	official_account_gh	gh_753066e542e6	朋友圈广告数据同步备用账号19	
97	official_account_gh	gh_43949efc1500	朋友圈广告数据同步备用账号23	
98	official_account_gh	gh_bca328785508	朋友圈广告投放8	
99	chatroom	45149248574@chatroom	测试群	
100	official_account_gh	gh_5e87744b466e	朋友圈广告投放5	
101	official_account_gh	gh_323cd545640c	朋友圈广告投放4	
102	official_account_gh	gh_c42f124df240	朋友圈广告投放7	
103	official_account_gh	gh_4dc4d4c4bc63	努力2007	
104	official_account_gh	gh_33dc04bc8d4a	朋友圈广告数据同步备用账号35	
105	official_account_gh	gh_ebeadad343f2	君子兰6688	
106	official_account_gh	gh_909a226fd308	广告数据同步备用账号2	
107	official_account_gh	gh_7ede1b8c88de	事业家园	
108	official_account_gh	gh_2a2b10d90f37	心系今生	
109	official_account_gh	gh_02211edd5a6b	开单推手	
110	official_account_gh	gh_3261130b0a68	护眼素材库	
111	official_account_gh	gh_e0c67bd27cc4	有你的信箱	
112	official_account_gh	gh_04e094305b7c	知你意难平	
113	official_account_gh	gh_62a4d4dd2492	和你说心里话3	
114	official_account_gh	gh_803d12c72eec	东曦相依	
115	official_account_gh	gh_33a3b195a43b	东庐暖伴	
116	official_account_gh	gh_105dc8584d52	阿东枕边温语	
117	official_account_gh	gh_0c8a527e5f29	情感煮雨	
118	official_account_gh	gh_1ccdeb7e3b15	朋友圈广告投放6	
119	official_account_gh	gh_707a7bfd07c2	朋友圈广告数据同步备用账号22	
120	official_account_gh	gh_d4250a2cc020	禄气满满的记事簿	
121	official_account_gh	gh_e86fcc5983e4	获客事业	
122	official_account_gh	gh_ff39b63b51d0	快小编	
123	official_account_gh	gh_f48bc3f0ccbb	朋友圈广告数据同步备用账号17	
124	official_account_gh	gh_af7b17dc6633	朋友圈广告数据同步备用账号30	
125	official_account_gh	gh_258943999dba	早安问候一段话	
126	official_account_gh	gh_b738e860a37d	朋友圈广告数据同步备用账号y2	
127	official_account_gh	gh_cd0a7f4cbf14	从容伴	
128	official_account_gh	gh_93faf64b5b30	弟弟的心里话1	
129	official_account_gh	gh_3e566aad97de	暖东相守	
130	official_account_gh	gh_4dd834f5bf21	朋友圈广告投放9	
131	official_account_gh	gh_6d0e630f365f	一部手机住家创业乐雅	
132	official_account_gh	gh_e1adaa75df6a	枕星听松声	
133	official_account_gh	gh_269d3e3239f3	东窗厮守	
134	official_account_gh	gh_010807c80e18	东阁轻随	
135	official_account_gh	gh_3316a5422ec1	九方老黄说股	
136	official_account_gh	gh_4c0b63952217	朋友圈广告数据同步备用账号21	
137	official_account_gh	gh_301ddf3255df	朋友圈广告数据同步备用账号y4	
138	official_account_gh	gh_cadcfc42aec6	广告数据同步备用账号3	
139	official_account_gh	gh_186ad7b4c455	如意早祝福	
140	official_account_gh	gh_4cb7496c9c4a	朋友圈广告数据同步备用账号20	
141	official_account_gh	gh_6cbeb8dc9e10	朋友圈广告数据同步备用账号40	
142	official_account_gh	gh_86f97142fd6c	小月亮夜读	
143	openim	25984984771788684@openim	瑞瑞	
144	chatroom	44124561347@chatroom		温柔内容自留地
145	official_account_gh	gh_f29ebe25ffa4	广告数据同步备用账号1	
146	official_account_gh	gh_d6a2f2cc5fe5	随东相依	
147	official_account_gh	gh_adb6f8dd073e	国学认知提升	
148	official_account_gh	gh_e46008b16adf	忘川栖禅	
149	official_account_gh	gh_9b2ab1377ca7	伴随余生你	
150	official_account_gh	gh_af5e96cf2ee7	爱的良人	
151	official_account_gh	gh_54f0a99cecb3	广告数据同步备用账号10	
152	official_account_gh	gh_d1c058de0340	朋友圈广告数据同步备用账号11	
153	official_account_gh	gh_809737a5803c	吉祥圆满8497吉祥圆满8497	
154	official_account_gh	gh_179aaf20ac2f	朋友圈广告数据同步备用账号12	
155	official_account_gh	gh_93cdb7a0477c	踏浪寻沧笙	
156	official_account_gh	gh_eeec9de13a55	日常聊星	
157	official_account_gh	gh_5a7e31adda61	朋友圈广告数据同步备用账号	
158	chatroom	45579953563@chatroom	【姐姐】素材库	
159	system_or_helper	weixinguanhaozhushou	微信公众平台	
160	official_account_gh	gh_d46164d5a989	寻风入林深	
161	official_account_gh	gh_79364ea93421	青溯科技	
162	official_account_gh	gh_40923c8fa60e	朋友圈广告数据同步备用账号13	
163	official_account_gh	gh_ff4a7db1c08f	DWD减震器	
164	official_account_gh	gh_756e8ba05a4f	开单多多	
165	official_account_gh	gh_8159bc529efd	吉祥圆满1380	
166	official_account_gh	gh_070876fc51b6	朋友圈广告数据同步备用账号28	
167	chatroom	44947761706@chatroom		
168	official_account_gh	gh_6f55ff91dc49	逛逛GitHub	
169	official_account_gh	gh_2042e5371c86	获客爆文	
170	official_account_gh	gh_ba2a0be277c3	树与枝子	
171	official_account_gh	gh_55e1d953707f	奶蜜吗哪	
172	official_account_gh	gh_27f9a2bd3552	国学经典智慧坛	
173	official_account_gh	gh_f46340bd8359	岁月静好的人间瞬间	
174	official_account_gh	gh_10675b54ddb3	安安心心啊	
175	official_account_gh	gh_0c2e73dd0300	雍容华贵态	
176	official_account_gh	gh_a0c7e2e53e2d	东榭依偎	
177	official_account_gh	gh_2dd235f14693	同东赏晴川	
178	official_account_gh	gh_988af1ca5d4f	陪东度余生	
179	official_account_gh	gh_f8781957da47	相逢是缘3	
180	official_account_gh	gh_8fa284cf8015	甜柚不忧愁	
181	official_account_gh	gh_b49013c4097f	醇厚如美酒	
182	official_account_gh	gh_e036770fc439	南风窗	
183	official_account_gh	gh_eb7044eb2827	不要离开我	
184	official_account_gh	gh_d62474859d61	人民网	
185	official_account_gh	gh_83954df33dd1	岁月伴如花	
186	official_account_gh	gh_f22ca81d71ff	中国反邪教	
187	official_account_gh	gh_0e74369deded	伴东赴山河	
188	official_account_gh	gh_3b17210c589e	Aurora的成长日志	
189	chatroom	43105829497@chatroom	巧萍	
190	openim	25984982123562577@openim	一生有你相伴	
191	official_account_gh	gh_010dcf7a91ea	小睿瑞呀	
192	official_account_gh	gh_14aebb8ad27b	全网知评	
193	official_account_gh	gh_f4cf6ac48cb1	大画星座日常	
194	chatroom	44563638355@chatroom	暖心小屋7	
195	openim	25984985314866822@openim	💕朵朵	
196	official_account_gh	gh_abe0438a31bf	说茶传媒	
197	official_account_gh	gh_2b7114fe7508	花6216	
198	official_account_gh	gh_02cf8bbb055f	朋友圈广告数据同步备用账号24	
199	official_account_gh	gh_65aaec339ac3	东东相伴和你	
200	official_account_gh	gh_77d8bd2dd325	番茄那点事	
201	official_account_gh	gh_ef47377da714	墨色晕染心事	
202	official_account_gh	gh_7d8eb298e1e2	朋友圈广告数据同步备用账号26	
203	official_account_gh	gh_4ba26f41f87c	懒散云	
204	official_account_gh	gh_aa56365c9232	妮妮巧克	
205	official_account_gh	gh_98086313b69b	拾语小记	
206	official_account_gh	gh_b3cb0c60e0c1	喜欢读圣经	
207	official_account_gh	gh_182c1bcaa593	心灵有道	
208	official_account_gh	gh_f3052da0a579	刻在掌心	
209	official_account_gh	gh_a3ced64c76ac	锁客助手	
210	official_account_gh	gh_f1d54d20ff8c	朋友圈广告数据同步备用账号34	
211	official_account_gh	gh_94c25a6ddc92	春暖花开8109	
212	official_account_gh	gh_9078c0c25c6c	微笑祝福语	
213	official_account_gh	gh_d65dfdef0344	早安喜悦福	
214	official_account_gh	gh_a2517fccfc26	每晚书社	
215	official_account_gh	gh_634af65df723	人间探访者	
216	official_account_gh	gh_ceffed0a8c02	糖糖果巫	
217	official_account_gh	gh_26a86f30ed5c	援朝文化	
218	official_account_gh	gh_6124ab0140ce	锦生有你	
219	official_account_gh	gh_a612d7f0f191	请告别emo	
220	official_account_gh	gh_068b41d40e60	暖伊心声	
221	official_account_gh	gh_188b9924919e	相伴共度	
222	official_account_gh	gh_185e512a964c	夜伴晨听新号	
223	official_account_gh	gh_0051f048c119	感谢相遇3	
224	official_account_gh	gh_852422e074e0	点这联系我新号	
225	official_account_gh	gh_76192668b5d6	以月赴清欢	
226	official_account_gh	gh_861f59100694	老谭的心里话	
227	official_account_gh	gh_50864c00410c	叶禅	
228	official_account_gh	gh_5e9e6ebdfe22	感谢相遇4	
229	official_account_gh	gh_1a8188ad3ba5	李振涛 默想笔记	
230	official_account_gh	gh_c75c38e9e772	殷铁凡	
231	official_account_gh	gh_aa8bf04f08ed	对对对5655	
232	official_account_gh	gh_120b864e62f9	正派君子呀	
233	official_account_gh	gh_23f68e583d42	朋友圈广告数据同步备用账号18	
234	official_account_gh	gh_4e9d0b982133	不语也深	
235	official_account_gh	gh_892917cd2af2	妍妍的心事	
236	official_account_gh	gh_1afc679bef0e	这是夜伴晨听新号	
237	official_account_gh	gh_cf82ac8845dc	瑞瑞诗文文	
238	official_account_gh	gh_bdef081235d8	未命名企业	
239	official_account_gh	gh_d4a645a50b2e	未命名企业消息	
240	official_account_gh	gh_32f2d2158d6d	使用企业微信的通知	
241	official_account_gh	gh_1e0a66634c24	芳草1010	
242	official_account_gh	gh_cd4d3b690995	野山居士	
243	official_account_gh	gh_a81d56a4e12f	李雄范画家	
244	official_account_gh	gh_81ae0c364793	老年生活智慧	
245	official_account_gh	gh_57f25b513e51	全民探知	
246	official_account_gh	gh_34172641dcc1	美好生活笔记888	
247	official_account_gh	gh_1a9bd525b1d6	结得清凉世界缘	
248	official_account_gh	gh_6f4b04003a7e	梦南风的书信	
249	official_account_gh	gh_53daea924fdf	爱的影响力	
250	official_account_gh	gh_61be099b0503	雨晴晨语	
251	official_account_gh	gh_851c2a34159a	涌舜服务	
252	official_account_gh	gh_15c263628c30	智客推	
253	official_account_gh	gh_aa323b423238	朋友圈广告数据同步备用账号29	
254	official_account_gh	gh_93008006d1e6	人生智慧谈论	
255	official_account_gh	gh_edb5729eedad	朋友圈广告数据同步备用账号y5	
256	official_account_gh	gh_562feb027a89	瑞图莎美文	
257	official_account_gh	gh_21c8fe0ec345	这是瑞弟弟新号	
258	official_account_gh	gh_872de3618fc4	是小冰呀	
259	official_account_gh	gh_b4bd4c4a8245	晚晴柔诉	